{
  "features": [
    "radius_mean",
    "texture_mean",
    "perimeter_mean",
    "area_mean",
    "smoothness_mean",
    "compactness_mean",
    "concavity_mean",
    "concave points_mean",
    "symmetry_mean",
    "fractal_dimension_mean",
    "radius_se",
    "texture_se",
    "perimeter_se",
    "area_se",
    "smoothness_se",
    "compactness_se",
    "concavity_se",
    "concave points_se",
    "symmetry_se",
    "fractal_dimension_se",
    "radius_worst",
    "texture_worst",
    "perimeter_worst",
    "area_worst",
    "smoothness_worst",
    "compactness_worst",
    "concavity_worst",
    "concave points_worst",
    "symmetry_worst",
    "fractal_dimension_worst"
  ],
  "intercept": -0.44558452691006706,
  "weights": [
    0.43190367777433536,
    0.38732553114139323,
    0.39343247642495854,
    0.4652100607636049,
    0.07166727707541924,
    -0.5401639468319602,
    0.8014580988560313,
    1.1198040756502892,
    -0.23611851556028254,
    -0.07592092813647176,
    1.2681781455073873,
    -0.18887738010991245,
    0.6105830174385624,
    0.90718570328669,
    0.313306753487795,
    -0.6824914543472049,
    -0.17527451713672465,
    0.31129989981522427,
    -0.5004250240524791,
    -0.6162299296594584,
    0.8798402352507745,
    1.350605592262331,
    0.5894527319656195,
    0.8418459407075656,
    0.5441696698296088,
    -0.016110194289948847,
    0.9430531344506463,
    0.7782172634838855,
    1.2082003069317777,
    0.15741386700797472
  ],
  "mean": [
    14.117635164835166,
    19.185032967032967,
    91.88224175824176,
    654.3775824175823,
    0.09574402197802198,
    0.10361931868131868,
    0.08889814505494506,
    0.04827987032967032,
    0.18109868131868131,
    0.06275676923076923,
    0.40201582417582415,
    1.2026868131868131,
    2.858253406593406,
    40.0712989010989,
    0.006989074725274725,
    0.025635448351648354,
    0.03282367230769231,
    0.01189394065934066,
    0.02057351208791209,
    0.003820455604395604,
    16.235103296703297,
    25.53569230769231,
    107.10312087912088,
    876.9870329670329,
    0.13153213186813187,
    0.25274180219780223,
    0.27459456923076925,
    0.11418222197802198,
    0.29050219780219777,
    0.08386784615384615
  ],
  "scale": [
    3.53192760912877,
    4.261314035201522,
    24.295284465966073,
    354.5529252060647,
    0.013907698124434398,
    0.052412805496132,
    0.07938050908411766,
    0.038018354057687886,
    0.027457084964442168,
    0.007201785058141394,
    0.2828495575198164,
    0.5411516758817481,
    2.0689313922904446,
    47.18438200914984,
    0.003053473706769491,
    0.018586296957914236,
    0.03211024543409991,
    0.006287187209688089,
    0.008162966415892982,
    0.002784068741858158,
    4.805977154451528,
    6.058439641882753,
    33.33796863783809,
    567.0486811155926,
    0.023057125695655305,
    0.15484384737160206,
    0.2091678613767787,
    0.06525425828147165,
    0.06308179580673517,
    0.01782827600333405
  ],
  "metrics": {
    "accuracy": 0.9736842105263158,
    "precision": 0.9761904761904762,
    "recall": 0.9534883720930233,
    "f1": 0.9647058823529412,
    "auc": 0.99737962659679
  }
}